"Date","Category","Net worth","Assets","Real estate","Consumer durables","Corporate equities and mutual fund shares","Pension entitlements","Private businesses","Other assets","Liabilities","Home mortgages","Consumer credit","Other liabilities"
"1989:Q3","Top1",4796887,4914885,592283,358473,877470,401096,1334488,1351075,117998,72415,24918,20666
"1989:Q3","Next9",7618079,8121752,2064269,421044,813084,1798067,1035608,1989682,503673,390336,56197,57140
"1989:Q3","Next40",7247302,8799443,3419712,759881,338806,2062336,563163,1655545,1552141,1157147,363421,31573
"1989:Q3","Bottom50",757651,1716414,815688,356952,22119,211696,45157,264801,958763,590792,339671,28300
"1989:Q4","Top1",4917679,5040661,614985,357811,900534,418718,1348476,1400137,122982,74365,25338,23278
"1989:Q4","Next9",7751787,8246140,2118995,423096,830013,1828906,1030731,2014400,494353,384021,56584,53749
"1989:Q4","Next40",7329780,8977298,3443256,774853,357974,2137833,580261,1683121,1647518,1237787,376923,32809
"1989:Q4","Bottom50",805063,1746943,817081,370015,25029,215937,46329,272551,941880,563943,350440,27497
"1990:Q1","Top1",4876390,5004276,637078,348350,822958,418903,1335134,1441853,127886,78205,24523,25159
"1990:Q1","Next9",7768124,8287865,2122797,435224,793241,1870304,1042537,2023761,519741,408528,56564,54650
"1990:Q1","Next40",7509479,9136351,3511628,796158,353298,2175531,597586,1702150,1626873,1233213,358574,35086
"1990:Q1","Bottom50",788336,1782900,826629,387398,25120,215574,49542,278637,994564,614967,352658,26939
"1990:Q2","Top1",4949316,5078581,659536,350011,855071,429413,1338144,1446407,129265,79323,23201,26740
"1990:Q2","Next9",7894868,8421464,2152728,434013,820265,1924359,1054027,2036072,526595,414994,58876,52726
"1990:Q2","Next40",7518845,9204559,3502053,809393,362625,2213511,590020,1726958,1685715,1293320,356442,35953
"1990:Q2","Bottom50",808549,1802798,822551,399094,26320,219503,51291,284040,994249,607774,360193,26282
"1990:Q3","Top1",4732067,4870041,665150,327612,646352,418289,1288298,1524340,137974,84094,25378,28502
"1990:Q3","Next9",7877613,8410142,2136014,457469,714242,1968386,1084812,2049220,532529,432970,54064,45496
"1990:Q3","Next40",7594433,9282050,3524036,827393,332902,2237060,622112,1738547,1687617,1286135,366651,34831
"1990:Q3","Bottom50",814457,1849523,861038,403772,23546,214524,57268,289375,1035067,643539,366210,25318
"1990:Q4","Top1",4956956,5100682,688002,323748,751397,431837,1323198,1582499,143726,88921,24402,30404
"1990:Q4","Next9",7949025,8484567,2101278,460357,782414,1984950,1059847,2095721,535542,431409,57113,47020
"1990:Q4","Next40",7716380,9456928,3538096,841984,368238,2322991,625952,1759668,1740548,1336878,367335,36335
"1990:Q4","Bottom50",817788,1850129,843752,413030,28048,216918,55544,292837,1032341,632047,375541,24753
"1991:Q1","Top1",5242740,5388238,701816,330142,909705,456030,1388839,1601707,145498,92142,20995,32361
"1991:Q1","Next9",8031830,8562828,2127236,453719,879489,1975332,1013171,2113881,530998,421213,62988,46797
"1991:Q1","Next40",7807703,9612435,3509777,855855,416741,2428228,621912,1779921,1804732,1427153,339765,37814
"1991:Q1","Bottom50",914606,1906155,874019,428113,34080,222943,50904,296096,991549,588644,378458,24447
"1991:Q2","Top1",5205191,5353465,715556,320336,891098,477101,1366474,1582899,148274,94829,20257,33188
"1991:Q2","Next9",8047197,8594372,2130502,462440,879517,1995706,1024865,2101341,547175,438288,63466,45421
"1991:Q2","Next40",7843227,9669504,3498840,868939,418974,2478552,617871,1786328,1826277,1454414,334284,37580
"1991:Q2","Bottom50",943277,1952774,906314,431992,34432,229184,52881,297971,1009497,602582,383299,23615
"1991:Q3","Top1",5313242,5462350,738159,310559,970745,508297,1365238,1569351,149108,97373,18014,33721
"1991:Q3","Next9",8036480,8625370,2093094,470151,931796,2005765,1018274,2106290,588891,470715,65756,52420
"1991:Q3","Next40",8041984,9808235,3529432,884282,441386,2548704,603116,1801315,1766251,1396807,329856,39588
"1991:Q3","Bottom50",927576,1989115,922990,438450,37066,238173,52244,300191,1061539,649074,388874,23592
"1991:Q4","Top1",5602468,5752336,742492,306927,1205803,533456,1397188,1566469,149868,99175,16152,34541
"1991:Q4","Next9",8176983,8801164,2116092,470786,1063464,2016938,988601,2145284,624181,494627,69036,60518
"1991:Q4","Next40",8152000,9933824,3494584,896253,496990,2640310,591334,1814352,1781824,1406837,332929,42058
"1991:Q4","Bottom50",989317,2077102,995945,443422,43670,243119,48726,302219,1087785,666717,397464,23605
"1992:Q1","Top1",5559397,5707121,788888,296297,1164720,536233,1380489,1540494,147723,97827,13488,36408
"1992:Q1","Next9",8205835,8862378,2140845,479684,1044993,2080055,1009915,2106887,656544,530901,69244,56400
"1992:Q1","Next40",8275172,10017847,3512184,908974,498614,2684674,591715,1821686,1742675,1388004,313287,41384
"1992:Q1","Bottom50",975840,2087907,1003711,447140,43861,239849,50235,303111,1112067,690990,397334,23743
"1992:Q2","Top1",5563385,5709611,844283,288334,1164304,557834,1356523,1498333,146226,97626,11089,37512
"1992:Q2","Next9",8232880,8927030,2126801,485159,1043612,2142922,1032974,2095563,694150,562503,70725,60921
"1992:Q2","Next40",8356149,10083512,3522596,923712,502980,2730211,569913,1834100,1727362,1376682,308111,42570
"1992:Q2","Bottom50",954707,2084966,984854,455875,44178,243479,50809,305771,1130260,703885,402408,23968
"1992:Q3","Top1",5651328,5801701,872808,271771,1236315,589124,1359754,1471931,150374,101678,9982,38714
"1992:Q3","Next9",8308737,9038646,2105759,497053,1073629,2193196,1053754,2115255,729909,596771,72429,60709
"1992:Q3","Next40",8494891,10204958,3529625,940940,523942,2794308,552348,1863796,1710067,1357849,309874,42345
"1992:Q3","Bottom50",1001041,2173020,1055796,461778,46456,249372,49914,309705,1171979,739029,409649,23302
"1992:Q4","Top1",5932397,6087418,863359,281894,1442173,572287,1392094,1535611,155021,105741,9950,39329
"1992:Q4","Next9",8445383,9172038,2104052,496327,1199343,2274512,1004169,2093637,726656,597207,73063,56386
"1992:Q4","Next40",8717989,10432530,3608128,945118,559543,2898484,564895,1856361,1714541,1354969,316389,43183
"1992:Q4","Bottom50",960113,2195088,1067442,469916,51649,246187,49070,310824,1234974,782436,425366,27172
"1993:Q1","Top1",6129735,6283122,877052,301817,1508298,584234,1432760,1578961,153387,105876,7969,39542
"1993:Q1","Next9",8539779,9243846,2147570,485271,1247312,2305635,989973,2068085,704067,571030,74626,58411
"1993:Q1","Next40",8723721,10509581,3605873,943266,568148,2984076,573244,1834974,1785859,1448371,292043,45445
"1993:Q1","Bottom50",977158,2170142,1023560,476046,53387,256042,49766,311341,1192983,728910,432624,31449
"1993:Q2","Top1",6224217,6383198,867756,305348,1540868,579143,1457997,1632087,158981,110613,8430,39939
"1993:Q2","Next9",8550390,9255227,2147527,491221,1273477,2347402,976681,2018920,704837,577133,73776,53928
"1993:Q2","Next40",8870295,10652079,3660493,951696,574960,3053650,590964,1820316,1781784,1444894,291091,45799
"1993:Q2","Bottom50",979742,2235279,1068129,487988,54847,259423,51075,313817,1255536,775188,445365,34983
"1993:Q3","Top1",6396929,6562765,864844,308920,1637232,580293,1491794,1679682,165836,116704,9428,39705
"1993:Q3","Next9",8599777,9308578,2133330,496255,1327649,2395009,968007,1988328,708801,576782,73502,58517
"1993:Q3","Next40",9013727,10815842,3725040,960704,590113,3122145,599519,1818322,1802114,1454661,299121,48332
"1993:Q3","Bottom50",990884,2300048,1108919,5e+05,57236,264835,51790,317268,1309165,809870,460618,38676
"1993:Q4","Top1",6626033,6796400,871879,317632,1739140,570863,1535349,1761537,170367,120348,10545,39473
"1993:Q4","Next9",8668896,9377598,2145443,497112,1381361,2442132,953947,1957603,708702,575661,72576,60465
"1993:Q4","Next40",9122429,10970996,3769619,970200,609358,3180800,611058,1829961,1848567,1476116,322363,50089
"1993:Q4","Bottom50",1000780,2351026,1134584,517134,60093,266603,51851,320762,1350246,827053,480685,42508
"1994:Q1","Top1",6645928,6820534,888190,323668,1648047,563300,1543407,1853922,174605,123209,11236,40160
"1994:Q1","Next9",8808179,9485982,2183747,500029,1327945,2496459,983211,1994592,677803,550598,70216,56989
"1994:Q1","Next40",9056826,10993093,3778461,975415,589331,3213131,630718,1806037,1936267,1573179,312047,51041
"1994:Q1","Bottom50",1048052,2367626,1133616,526925,58302,269647,56079,323057,1319573,782482,490377,46713
"1994:Q2","Top1",6705890,6884850,903623,329111,1619427,575597,1553293,1903798,178960,126198,12093,40668
"1994:Q2","Next9",8868406,9546284,2189321,503475,1299700,2550655,1034022,1969111,677878,555593,68441,53843
"1994:Q2","Next40",9102333,11063426,3831095,985053,568717,3235019,625107,1818435,1961093,1579770,329089,52233
"1994:Q2","Bottom50",1041461,2414827,1146130,541909,56488,281233,60340,328727,1373366,813060,508957,51349
"1994:Q3","Top1",6859842,7043808,913529,334630,1675150,586128,1587484,1946887,183967,130595,12539,40833
"1994:Q3","Next9",8923254,9607698,2162836,506229,1312149,2612213,1046207,1968063,684444,567688,68410,48346
"1994:Q3","Next40",9247680,11200944,3904035,996940,568556,3280912,612655,1837846,1953264,1550634,349975,52655
"1994:Q3","Bottom50",1013246,2470241,1167137,558700,57161,290583,61175,335485,1456995,872133,529029,55833
"1994:Q4","Top1",6989680,7178131,939096,336672,1675273,571647,1602420,2053023,188451,133651,14371,40429
"1994:Q4","Next9",8998179,9691857,2135879,511842,1288423,2681723,1082435,1991555,693678,576079,64916,52683
"1994:Q4","Next40",9307294,11287764,3983411,1006076,553999,3277169,610265,1856845,1980470,1536201,388614,55655
"1994:Q4","Bottom50",940144,2474395,1147674,569572,56216,293464,64738,342732,1534251,920009,553267,60976
"1995:Q1","Top1",7282081,7472042,933950,350811,1835522,603973,1671617,2076169,189961,137140,12232,40590
"1995:Q1","Next9",9110631,9790671,2139942,505420,1339290,2727125,1085693,1993201,680040,566638,68972,44431
"1995:Q1","Next40",9390443,11375717,4004969,1016077,565965,3338941,585365,1864402,1985275,1552127,377116,56032
"1995:Q1","Bottom50",976108,2544671,1173211,588391,58596,310984,63697,349794,1568563,936021,566227,66315
"1995:Q2","Top1",7542657,7738170,873566,355669,2006683,625095,1756770,2120387,195514,143155,11924,40435
"1995:Q2","Next9",9180002,9862722,2143954,505750,1390339,2788094,1056618,1977966,682721,570245,71922,40554
"1995:Q2","Next40",9511517,11481968,4004301,1025356,588120,3420298,565576,1878318,1970451,1519220,393199,58032
"1995:Q2","Bottom50",1039878,2703884,1303308,597544,62280,322563,60946,357243,1664006,1005683,586081,72242
"1995:Q3","Top1",7901439,8099170,817543,361816,2215876,646890,1863576,2193469,197731,147035,11487,39209
"1995:Q3","Next9",9261388,9957735,2169032,504593,1452242,2845581,1016322,1969963,696347,577384,73873,45090
"1995:Q3","Next40",9634347,11593763,4014465,1033031,618771,3513041,553253,1861203,1959416,1481632,415840,61944
"1995:Q3","Bottom50",1066888,2837579,1412097,605549,67113,333723,57958,361139,1770691,1083720,608399,78572
"1995:Q4","Top1",8107066,8318112,858777,361235,2353581,676165,1849894,2218460,211046,152450,13714,44881
"1995:Q4","Next9",9546701,10246989,2191521,515248,1589227,2878414,1063596,2008983,700289,580037,77496,42756
"1995:Q4","Next40",9748092,11835378,4025659,1046161,678711,3599929,564357,1920562,2087286,1570571,451763,64952
"1995:Q4","Bottom50",1136491,2854081,1413519,606610,70640,342247,60044,361021,1717590,1016867,625187,75536
"1996:Q1","Top1",8218433,8436305,887272,363106,2409537,694863,1840276,2241251,217872,157662,13797,46414
"1996:Q1","Next9",9793291,10520178,2241149,524769,1677420,2919396,1093326,2064118,726887,582713,83536,60637
"1996:Q1","Next40",9865852,12045475,4035993,1061447,729082,3684344,577752,1956857,2179623,1676525,435968,67129
"1996:Q1","Bottom50",1225307,2883419,1428135,613102,73209,347026,61782,360165,1658112,961405,628906,67801
"1996:Q2","Top1",8279472,8507597,934809,356788,2468588,706690,1806708,2234015,228126,161977,14762,51386
"1996:Q2","Next9",9969946,10726428,2234612,539521,1755810,2966246,1126214,2104026,756482,607101,87228,62152
"1996:Q2","Next40",10068792,12291091,4125189,1073864,772546,3743888,586804,1988799,2222298,1698463,452730,71106
"1996:Q2","Bottom50",1185242,2856259,1398009,608658,75194,351112,64694,358592,1671017,964119,641859,65038
"1996:Q3","Top1",8257608,8494967,970231,351682,2436706,724475,1772612,2239260,237358,165671,15956,55731
"1996:Q3","Next9",10094895,10876433,2248629,554616,1781201,3011359,1162223,2118405,781538,629112,90043,62382
"1996:Q3","Next40",10259646,12529339,4193960,1088942,800439,3808268,601106,2036625,2269693,1726884,469103,73706
"1996:Q3","Bottom50",1169242,2852465,1381352,609980,75492,357105,68555,359981,1683224,967171,654745,61308
"1996:Q4","Top1",8482805,8726172,995245,358417,2533278,777843,1802446,2258943,243367,168782,16412,58173
"1996:Q4","Next9",10360646,11152126,2309495,556470,1866495,3051724,1192186,2175756,791480,628531,96292,66656
"1996:Q4","Next40",10383296,12770258,4209742,1100216,847423,3920354,602172,2090350,2386962,1821758,490720,74483
"1996:Q4","Bottom50",1221359,2866104,1369435,612889,78184,374203,69764,361630,1644745,919060,670453,55232
"1997:Q1","Top1",8454663,8704540,1006538,355683,2523961,781354,1842714,2194289,249877,171735,15559,62583
"1997:Q1","Next9",10527110,11337645,2356046,569113,1892872,3097881,1258815,2162918,810535,637242,100722,72571
"1997:Q1","Next40",10484438,12902871,4226541,1115486,876457,3961468,633510,2089410,2418433,1872075,465429,80930
"1997:Q1","Bottom50",1260668,2885697,1376896,616819,78882,376916,74909,361276,1625029,899420,672466,53143
"1997:Q2","Top1",8993786,9247322,1021630,367151,2975972,837903,1915860,2128807,253536,175544,12478,65514
"1997:Q2","Next9",10922661,11774815,2381663,561076,2149793,3216626,1255239,2210417,852154,656651,114313,81189
"1997:Q2","Next40",10799791,13236289,4294080,1124090,973993,4096539,591138,2156449,2436498,1883157,466213,87129
"1997:Q2","Bottom50",1269107,2920595,1389066,614724,87564,393517,70979,364746,1651488,916572,685035,49882
"1997:Q3","Top1",9334044,9591127,1011119,367203,3228563,883370,1962756,2138115,257082,179143,12302,65636
"1997:Q3","Next9",11234500,12134335,2427077,567614,2303470,3308755,1278365,2249054,899835,685737,121230,92868
"1997:Q3","Next40",11071191,13526740,4322129,1138377,1045030,4222807,593969,2204428,2455549,1893876,474514,87158
"1997:Q3","Bottom50",1299347,2997260,1441494,616865,93279,405539,72323,367760,1697913,958250,697758,41905
"1997:Q4","Top1",9492526,9755473,1022163,367959,3280146,875124,2008160,2201921,262947,179242,12897,70808
"1997:Q4","Next9",11481245,12396780,2520697,575199,2353162,3355381,1330240,2262100,915536,695911,124457,95167
"1997:Q4","Next40",11182857,13713353,4339599,1152517,1086469,4253664,625339,2255765,2530496,1941022,493713,95761
"1997:Q4","Bottom50",1331025,3022934,1449835,622351,95619,404795,77416,372918,1691908,938062,713098,40748
"1998:Q1","Top1",10196977,10459570,1026631,381400,3801288,929241,2145268,2175743,262594,180814,8182,73597
"1998:Q1","Next9",12006876,12971393,2586289,565362,2636050,3497996,1342475,2343222,964517,725007,137879,101631
"1998:Q1","Next40",11596689,14088773,4413097,1164809,1197978,4410364,603293,2299231,2492083,1927061,462288,102735
"1998:Q1","Bottom50",1357780,3087254,1485532,628566,106164,418088,74618,374287,1729474,976608,715693,37173
"1998:Q2","Top1",10350621,10620762,1070586,376606,3866522,937320,2123982,2245747,270141,183791,10137,76213
"1998:Q2","Next9",12243190,13235743,2646813,576424,2687581,3571586,1357793,2395546,992553,742240,141492,108821
"1998:Q2","Next40",11854224,14415091,4565995,1181277,1241619,4474030,618306,2333863,2560867,1969004,484278,107585
"1998:Q2","Bottom50",1319432,3075847,1457283,633447,108852,419968,79263,377033,1756415,993104,731837,31474
"1998:Q3","Top1",9805242,10090666,1070947,331674,3312059,899749,1998324,2477913,285423,187898,16715,80810
"1998:Q3","Next9",12036819,13058394,2670150,630046,2425729,3531682,1437692,2363094,1021575,784892,132509,104174
"1998:Q3","Next40",12082816,14612158,4724351,1206060,1193788,4440277,724663,2323019,2529341,1908127,507820,113395
"1998:Q3","Bottom50",1264792,3118981,1503809,628989,101182,410537,96987,377476,1854189,1083923,743674,26592
"1998:Q4","Top1",10761751,11044541,1139194,397735,4004541,949718,2255195,2298158,282790,193281,9397,80112
"1998:Q4","Next9",12711831,13751996,2777017,575848,2818320,3741438,1351760,2487614,1040165,780619,151599,107947
"1998:Q4","Next40",12401256,15069432,4784290,1210945,1341122,4657075,623555,2452445,2668176,2040050,516169,111957
"1998:Q4","Bottom50",1325550,3164466,1514218,649272,115644,423015,73901,388416,1838916,1043492,764107,31317
"1999:Q1","Top1",10762110,11050240,1177607,420076,3949912,962292,2296410,2243943,288130,201020,6480,80630
"1999:Q1","Next9",12882754,13941624,2822093,566277,2823976,3829916,1344377,2554984,1058870,788283,157600,112987
"1999:Q1","Next40",12518913,15227520,4863550,1221266,1358809,4727544,594438,2461913,2708607,2096414,505473,106721
"1999:Q1","Bottom50",1363764,3221121,1562865,653689,115165,430977,66941,391486,1857358,1050959,772844,33554
"1999:Q2","Top1",11168462,11458494,1223918,454974,4307808,984604,2379693,2107497,290033,207246,3741,79046
"1999:Q2","Next9",13276875,14369096,2915149,545682,3041862,3952269,1331419,2582715,1092221,792355,165566,134301
"1999:Q2","Next40",12666930,15484745,4938709,1233990,1445005,4837596,563009,2466435,2817815,2196583,513546,107686
"1999:Q2","Bottom50",1418042,3280765,1598963,670225,122544,439377,58891,390766,1862724,1037016,788728,36980
"1999:Q3","Top1",10983706,11283586,1260980,449037,4023014,976938,2379743,2193874,299880,214152,6735,78994
"1999:Q3","Next9",13247809,14367444,2976170,569611,2929179,3939228,1419323,2533931,1119634,823340,159605,136689
"1999:Q3","Next40",12806748,15667663,5058149,1254786,1422589,4833347,620484,2478309,2860915,2219220,539891,101804
"1999:Q3","Bottom50",1422128,3359805,1660031,677298,117706,443868,64698,396204,1937677,1094511,805664,37502
"1999:Q4","Top1",12169833,12462085,1319004,500120,4967427,1025206,2557543,2092784,292252,216484,0,75768
"1999:Q4","Next9",13936129,15141833,3063984,529213,3452635,4162722,1399850,2533430,1205703,856124,176164,173416
"1999:Q4","Next40",13435542,16323774,5165915,1264793,1602127,5016221,558414,2716304,2888231,2231147,550827,106257
"1999:Q4","Bottom50",1435869,3433899,1668538,696995,135515,456842,52542,423467,1998029,1130721,826630,40678
"2000:Q1","Top1",12542323,12833073,1381857,519840,5253167,1045289,2576380,2056540,290750,218931,0,71819
"2000:Q1","Next9",14434280,15736176,3177456,526148,3641549,4287067,1424244,2679712,1301896,897714,180299,223883
"2000:Q1","Next40",13808377,16650116,5353877,1285400,1672525,5109852,556671,2671791,2841739,2187376,539255,115108
"2000:Q1","Bottom50",1442940,3514802,1718247,716540,141082,464584,51283,423067,2071863,1192710,834211,44941
"2000:Q2","Top1",12191774,12489845,1463185,527083,4866123,1031455,2545625,2056374,298071,224555,0,73516
"2000:Q2","Next9",14463462,15775376,3293121,537313,3492530,4330189,1475367,2646856,1311914,924155,178190,209569
"2000:Q2","Next40",13949804,16859345,5568954,1307727,1636165,5118018,584143,2644339,2909541,2232908,568628,108005
"2000:Q2","Bottom50",1420568,3548234,1735319,732589,134752,466841,54791,423943,2127666,1227487,854953,45227
"2000:Q3","Top1",12339868,12644361,1507167,530854,4787208,1023129,2653408,2142595,304494,231408,0,73085
"2000:Q3","Next9",14643829,15995389,3383542,548935,3512748,4410647,1548004,2591512,1351560,962320,177615,211624
"2000:Q3","Next40",14315415,17258118,5753588,1327657,1658518,5191635,626564,2700154,2942702,2228636,609656,104411
"2000:Q3","Bottom50",1409784,3634276,1805243,740737,135379,466759,56060,430097,2224493,1299447,879802,45243
"2000:Q4","Top1",11819890,12141009,1586350,528097,4011948,974772,2637831,2402011,321119,238595,3504,79020
"2000:Q4","Next9",14617752,15924525,3526338,571752,3167683,4394449,1619751,2644552,1306773,959308,167335,180130
"2000:Q4","Next40",14368791,17483874,5940776,1350042,1558515,5181476,699461,2753604,3115083,2353614,665488,95981
"2000:Q4","Bottom50",1424825,3642005,1806547,751866,123305,458884,62354,439049,2217181,1265267,904939,46974
"2001:Q1","Top1",11390135,11725020,1723813,512996,3402964,886830,2579353,2619064,334886,245514,8017,81355
"2001:Q1","Next9",14672988,15936569,3725543,606658,2903136,4349745,1659144,2692344,1263581,967992,153133,142457
"2001:Q1","Next40",14705765,17890492,6331401,1372198,1482658,5166232,797583,2740420,3184727,2428717,673516,82494
"2001:Q1","Bottom50",1406794,3625596,1802070,754881,115137,437302,68692,447514,2218802,1259137,915058,44607
"2001:Q2","Top1",11718076,12063597,1751718,533732,3696741,858911,2680536,2541960,345520,256609,7637,81274
"2001:Q2","Next9",15201825,16480335,3849147,598651,3155769,4491351,1621253,2764164,1278510,978515,160190,139805
"2001:Q2","Next40",14995462,18311081,6478352,1386039,1584741,5322888,800977,2738084,3315619,2554105,682319,79195
"2001:Q2","Bottom50",1434072,3684974,1861693,760357,125107,427633,60841,449344,2250903,1272973,934103,43827
"2001:Q3","Top1",10968779,11324552,1771155,507240,2885130,763967,2572193,2824867,355773,262604,12869,80301
"2001:Q3","Next9",14911994,16290625,3959765,643967,2756764,4448366,1671864,2809899,1378631,1040272,141783,196576
"2001:Q3","Next40",15134357,18452911,6649605,1407349,1435672,5306395,915749,2738140,3318554,2518512,709687,90355
"2001:Q3","Bottom50",1329025,3716041,1922772,752757,110548,405430,69640,454894,2387016,1389114,950012,47890
"2001:Q4","Top1",11716744,12097173,1882723,530338,3422853,776950,2687109,2797200,380428,278842,15774,85813
"2001:Q4","Next9",15359485,16636239,4033617,637017,3022166,4611032,1606571,2725837,1276754,987357,153704,135693
"2001:Q4","Next40",15374068,18982602,6825043,1424354,1553288,5427617,883976,2868324,3608533,2783001,750443,75089
"2001:Q4","Bottom50",1443093,3733051,1912609,772552,119854,403321,61405,463311,2289958,1275735,971906,42317
"2002:Q1","Top1",11906836,12296276,1985164,532236,3480029,801526,2699760,2797560,389440,285243,14661,89536
"2002:Q1","Next9",15607315,16911733,4135049,651231,3002114,4708836,1620108,2794395,1304418,1019193,156962,128262
"2002:Q1","Next40",15610355,19258572,7004251,1438271,1547690,5501894,896244,2870223,3648217,2841174,734193,72851
"2002:Q1","Bottom50",1396611,3732585,1910136,776534,116822,409375,63295,456422,2335973,1316798,977700,41475
"2002:Q2","Top1",11431224,11839583,2051795,508005,3084713,755675,2600689,2838706,408359,293796,22299,92264
"2002:Q2","Next9",15708468,17002313,4251093,697541,2728695,4681787,1693086,2950111,1293845,1048341,142024,103480
"2002:Q2","Next40",15449410,19218829,7132445,1459410,1443000,5434015,988549,2761409,3769419,2939744,764601,65074
"2002:Q2","Bottom50",1368090,3752455,1949227,778018,104296,400094,75669,445151,2384365,1357248,988720,38397
"2002:Q3","Top1",10723504,11164786,2086440,473644,2378543,698265,2486541,3041353,441282,308390,33145,99746
"2002:Q3","Next9",15433166,16705699,4336625,754787,2272822,4653992,1775513,2911960,1272534,1066052,124659,81822
"2002:Q3","Next40",15358662,19269612,7276323,1484693,1261445,5360234,1096538,2790378,3910950,3056513,794971,59466
"2002:Q3","Bottom50",1395808,3833698,2048392,777644,85271,387740,89715,444935,2437890,1402665,998833,36392
"2002:Q4","Top1",11230942,11687748,2155756,482461,2589326,702855,2605788,3151562,456806,321738,33556,101512
"2002:Q4","Next9",15725063,17027093,4410810,761590,2383643,4801944,1774172,2894933,1302030,1091800,134163,76067
"2002:Q4","Next40",15729326,19759166,7468175,1499948,1301840,5466798,1095276,2927128,4029840,3159960,812505,57375
"2002:Q4","Bottom50",1371736,3880087,2083889,782205,86567,387991,86442,452993,2508352,1457629,1016783,33940
"2003:Q1","Top1",11179146,11654564,2252150,479812,2408770,703142,2662060,3148630,475417,333595,35482,106340
"2003:Q1","Next9",15915524,17229394,4528201,780971,2260689,4842740,1833936,2982856,1313870,1095126,134936,83808
"2003:Q1","Next40",15792249,19978849,7652093,1511517,1244641,5509142,1147221,2914236,4186600,3332559,795481,58560
"2003:Q1","Bottom50",1355284,3855415,2065178,777292,78923,392867,91321,449833,2500130,1444052,1023224,32855
"2003:Q2","Top1",12116836,12598200,2347554,504513,3022023,753769,2831969,3138372,481363,345969,32838,102556
"2003:Q2","Next9",16509275,17958143,4625125,771429,2613334,5012513,1829535,3106208,1448868,1135896,151210,161762
"2003:Q2","Next40",16184392,20521776,7865587,1524349,1365852,5676096,1113163,2976729,4337384,3463638,797617,76129
"2003:Q2","Bottom50",1283962,3875454,2057180,785803,86909,408967,85030,451566,2591493,1517996,1040264,33232
"2003:Q3","Top1",12465785,12961522,2418480,507257,3267757,753047,2926793,3088188,495737,355961,33291,106485
"2003:Q3","Next9",16786837,18292707,4707355,787494,2745269,5097810,1851917,3102863,1505870,1212200,155450,138220
"2003:Q3","Next40",16557605,20912554,8080803,1544006,1400504,5754307,1140499,2992435,4354949,3470923,814489,69537
"2003:Q3","Bottom50",1170438,3926336,2101814,792114,87478,412665,85426,446839,2755897,1668784,1056445,30668
"2003:Q4","Top1",13240869,13782384,2420800,530107,3804541,789389,3086962,3150585,541515,370854,32193,138469
"2003:Q4","Next9",17456106,18954663,4869457,781964,3034815,5274273,1842850,3151304,1498557,1228251,169381,100925
"2003:Q4","Next40",16886059,21399256,8184823,1561072,1483740,5916221,1117403,3135997,4513197,3618917,826215,68065
"2003:Q4","Bottom50",1321025,4127023,2271463,804522,92481,424734,79863,453959,2805998,1696863,1075143,33993
"2004:Q1","Top1",14273913,14830307,2607072,540418,4084513,792614,3219169,3586521,556394,382225,31760,142409
"2004:Q1","Next9",18347652,19888815,5016233,794048,3178498,5413088,1883493,3603455,1541163,1253518,174170,113475
"2004:Q1","Next40",17537082,22141808,8611722,1583706,1513736,6027194,1160874,3244577,4604726,3725704,809125,69897
"2004:Q1","Bottom50",1241737,4083263,2208799,819587,92507,426894,81385,454090,2841526,1728247,1081417,31861
"2004:Q2","Top1",14417488,14991471,2687567,543612,4036366,785865,3441151,3496909,573983,393361,32292,148330
"2004:Q2","Next9",18548206,20189718,5148067,812166,3144760,5540384,1954793,3589548,1641512,1338926,178187,124399
"2004:Q2","Next40",17964739,22577239,8903171,1608033,1485439,6123628,1227926,3229044,4612500,3729401,811732,71367
"2004:Q2","Bottom50",1165763,4186377,2310712,831300,86832,427128,83392,447013,3020615,1898552,1092328,29735
"2004:Q3","Top1",14750636,15338746,2739090,546232,4064448,783377,3623307,3582292,588110,405429,36678,146003
"2004:Q3","Next9",19117324,20778522,5423958,828328,3147373,5651137,2047757,3679969,1661198,1371342,177437,112419
"2004:Q3","Next40",18181464,22979371,9113269,1622475,1463075,6203196,1313919,3263438,4797907,3891599,842177,64131
"2004:Q3","Bottom50",1302518,4372309,2496759,830802,81133,429754,89478,444383,3069790,1937034,1108583,24173
"2004:Q4","Top1",15671495,16248044,2847279,559633,4467335,873079,3782605,3718113,576549,407527,34026,134995
"2004:Q4","Next9",19808920,21604934,5616457,830545,3408534,5866674,2201467,3681257,1796013,1451075,186194,158743
"2004:Q4","Next40",18902064,23742237,9477574,1645650,1520765,6367316,1273320,3457612,4840173,3902579,861738,75856
"2004:Q4","Bottom50",1244467,4510747,2548630,862344,87078,449793,93779,469123,3266280,2097967,1138160,30153
"2005:Q1","Top1",15748412,16326688,2942847,552786,4458879,894779,3791979,3685418,578276,416630,36684,124962
"2005:Q1","Next9",20422344,22214246,5837847,853813,3452266,5927414,2352074,3790832,1791902,1449944,184634,157325
"2005:Q1","Next40",18987678,24022716,9783636,1666391,1512445,6383295,1292840,3384109,5035038,4124806,835431,74801
"2005:Q1","Bottom50",1346632,4624267,2616571,882094,86669,456154,105686,477093,3277634,2097641,1148224,31769
"2005:Q2","Top1",16223860,16805374,2983621,559984,4609280,943170,3914493,3794827,581515,417846,37306,126362
"2005:Q2","Next9",21120442,22970966,6137156,863439,3576724,6044965,2514129,3834553,1850524,1509117,185822,155584
"2005:Q2","Next40",19237685,24412706,9975784,1685934,1529117,6466194,1311926,3443751,5175021,4257668,840977,76376
"2005:Q2","Bottom50",1445872,4845743,2779839,908936,88895,466882,115076,486114,3399871,2195068,1168284,36519
"2005:Q3","Top1",16726953,17309239,3046734,559834,4902226,998014,4066883,3735547,582286,420640,37879,123767
"2005:Q3","Next9",21735217,23663972,6384633,874707,3770856,6179077,2668275,3786423,1928754,1591088,189001,148665
"2005:Q3","Next40",19667948,24909190,10278676,1700683,1564249,6559776,1320978,3484828,5241242,4305952,859273,76017
"2005:Q3","Bottom50",1462844,5055455,2942400,922684,93130,479186,122850,495205,3592611,2360313,1192232,40066
"2005:Q4","Top1",17200263,17785031,3134818,558539,4986127,1052746,4189468,3863333,584768,420710,37914,126144
"2005:Q4","Next9",22253519,24252626,6587130,888825,3854323,6302289,2818048,3802012,1999108,1683527,190455,125125
"2005:Q4","Next40",20254511,25501137,10595316,1718123,1566216,6646045,1336672,3638766,5246626,4296814,877357,72456
"2005:Q4","Bottom50",1414166,5212927,3039619,940738,93946,491274,131756,515593,3798761,2539347,1214829,44585
"2006:Q1","Top1",18008333,18588558,3065125,572464,5724997,1111887,4239472,3874613,580225,417552,35992,126680
"2006:Q1","Next9",23174756,25284904,6734407,888589,4264209,6418244,2897916,4081539,2110147,1773686,194914,141548
"2006:Q1","Next40",20138276,25448958,10451807,1733200,1662008,6740088,1320373,3541483,5310682,4356785,875295,78603
"2006:Q1","Bottom50",1456096,5430024,3201929,966603,105530,504781,137146,514034,3973928,2691517,1231385,51026
"2006:Q2","Top1",17811993,18399355,3109199,564165,5495465,1144880,4220662,3864983,587362,419761,38771,128830
"2006:Q2","Next9",23343158,25530812,6829475,910100,4184847,6454502,2992004,4159883,2187653,1856250,192845,138559
"2006:Q2","Next40",20220917,25586012,10600050,1750974,1623169,6763085,1336848,3511886,5365095,4411940,873030,80125
"2006:Q2","Bottom50",1359803,5519846,3256087,984102,102268,513208,147106,517075,4160044,2858698,1244965,56381
"2006:Q3","Top1",18278627,18868395,3132215,571462,5708416,1203430,4326638,3926234,589769,421391,41388,126990
"2006:Q3","Next9",23645306,25920082,6895179,913529,4322264,6575426,3079240,4134443,2274776,1927406,197581,149789
"2006:Q3","Next40",20527727,25947849,10701977,1766765,1645626,6851036,1323648,3658796,5420122,4436121,899467,84533
"2006:Q3","Bottom50",1300621,5636984,3317611,1006691,106179,525540,151337,529626,4336362,3001763,1273004,61595
"2006:Q4","Top1",18932538,19519487,3091975,585722,6248854,1278597,4428490,3885849,586950,419793,40394,126762
"2006:Q4","Next9",24059995,26424653,6979648,908003,4615623,6727139,3143857,4050383,2364658,1975446,204144,185068
"2006:Q4","Next40",20763915,26244047,10639984,1777149,1714122,6978425,1300845,3833521,5480131,4466770,916355,97007
"2006:Q4","Bottom50",1372711,5818034,3430472,1027634,115911,539597,153740,550680,4445323,3078261,1295823,71239
"2007:Q1","Top1",19328864,19904364,2989333,591868,6630454,1334570,4407588,3950551,575500,413577,40562,121362
"2007:Q1","Next9",24748398,27175979,7012100,913280,4823359,6805051,3205347,4416841,2427581,2051424,204389,171769
"2007:Q1","Next40",20626301,26091912,10363771,1788690,1761770,7043854,1303635,3830192,5465611,4481633,891725,92252
"2007:Q1","Bottom50",1406583,5978467,3532544,1050724,123631,549627,160872,561069,4571884,3195815,1303496,72573
"2007:Q2","Top1",19533682,20097015,2943187,609290,6851227,1424769,4413437,3855105,563332,411499,39344,112490
"2007:Q2","Next9",24967556,27501882,7010248,904682,4944989,6953409,3223237,4465317,2534327,2102775,210938,220613
"2007:Q2","Next40",20569528,26119382,10221653,1799269,1788374,7171348,1262792,3875947,5549854,4540815,905061,103978
"2007:Q2","Bottom50",1391595,6072162,3568136,1078074,129174,566850,162138,567789,4680567,3282204,1321623,76740
"2007:Q3","Top1",19922721,20494367,2946526,611625,6925140,1496388,4373427,4141262,571646,410958,44611,116077
"2007:Q3","Next9",25272083,27819306,6934697,909958,4988735,7041845,3261576,4682494,2547223,2145254,211242,190727
"2007:Q3","Next40",20693044,26344777,10151560,1808467,1800692,7242221,1251209,4090628,5651733,4601724,948463,101546
"2007:Q3","Bottom50",1264149,6061214,3500329,1097307,133351,580121,167346,582760,4797064,3361516,1351236,84312
"2007:Q4","Top1",19719602,20298997,2872142,610965,6477914,1453827,4309401,4574749,579395,411335,51041,117020
"2007:Q4","Next9",25036759,27627205,6919243,921741,4808121,7067761,3184262,4726076,2590445,2169076,205273,216096
"2007:Q4","Next40",20504465,26236590,9894647,1826857,1737234,7314606,1269753,4193492,5732124,4637912,985119,109093
"2007:Q4","Bottom50",1220045,6080348,3515440,1114379,124815,565348,168202,592164,4860304,3406670,1368044,85590
"2008:Q1","Top1",18856031,19446021,2696134,588993,5822126,1362660,4008198,4967909,589990,412056,59477,118457
"2008:Q1","Next9",24752919,27401438,6799835,956277,4516712,6989714,3022263,5116638,2648519,2203743,192334,252442
"2008:Q1","Next40",19863216,25558864,9425320,1849353,1661147,7299496,1294416,4029134,5695649,4596316,980178,119155
"2008:Q1","Bottom50",1182829,6125400,3588300,1127861,115518,538278,171110,584334,4942571,3484474,1370019,88078
"2008:Q2","Top1",18224906,18813248,2665047,578354,5526402,1346909,3808256,4888280,588342,406601,60145,121595
"2008:Q2","Next9",24438180,27098756,6594359,972677,4386063,7023317,2876655,5245685,2660576,2287835,187061,185680
"2008:Q2","Next40",19791410,25224354,9206686,1863826,1612118,7377189,1271562,3892972,5432944,4337294,994757,100893
"2008:Q2","Bottom50",847603,5960262,3447111,1132951,109527,530823,169121,570730,5112660,3651141,1378489,83030
"2008:Q3","Top1",17273333,17878704,2687550,560753,4623520,1259060,3643634,5104187,605372,412006,70820,122545
"2008:Q3","Next9",23925864,26624654,6400694,998357,3938656,6974659,2827621,5484666,2698789,2234404,176319,288067
"2008:Q3","Next40",19197871,24792255,9031917,1878344,1470696,7286075,1301078,3824145,5594384,4452182,1009241,132961
"2008:Q3","Bottom50",661979,5699309,3214809,1139314,93131,508141,174752,569162,5037330,3555275,1387433,94622
"2008:Q4","Top1",15605678,16253484,2574449,510338,3328742,1094625,3215793,5529538,647807,413836,83642,150329
"2008:Q4","Next9",23107970,25520813,6320360,1053737,3259499,6822752,2704726,5359738,2412842,2186668,151252,74921
"2008:Q4","Next40",18691078,24320464,8671344,1883871,1279846,7099743,1368300,4017359,5629386,4520385,1021838,87164
"2008:Q4","Bottom50",720098,5657113,3221218,1117310,73401,461555,185880,597749,4937016,3456370,1387056,93589
"2009:Q1","Top1",14670676,15332199,2367952,486197,2831740,1050406,2948699,5647205,661523,418770,89390,153364
"2009:Q1","Next9",23341682,25671500,6289310,1078602,2982757,6803324,2600822,5916685,2329818,2145389,144644,39786
"2009:Q1","Next40",17936984,23610582,8211674,1885877,1178271,7057452,1359022,3918287,5673598,4625685,970117,77796
"2009:Q1","Bottom50",943790,5792590,3398081,1100604,62989,448659,188741,593516,4848800,3387181,1373991,87628
"2009:Q2","Top1",15371775,16022461,2393778,503290,3712868,1163027,2831484,5418014,650686,415662,82710,152314
"2009:Q2","Next9",23306979,25704990,6126209,1058336,3467572,6950091,2407022,5695760,2398011,2188105,156028,53878
"2009:Q2","Next40",18317628,23810171,8106921,1886811,1298216,7291914,1235236,3991073,5492543,4468697,938585,85261
"2009:Q2","Bottom50",705087,5642363,3220593,1099537,74879,474540,174557,598258,4937276,3474349,1371550,91378
"2009:Q3","Top1",16329701,16981361,2457840,519125,4610994,1273987,2814353,5305062,651660,419556,81230,150874
"2009:Q3","Next9",23988991,26404298,5977307,1036770,3945104,7134052,2272884,6038180,2415307,2165848,168913,80546
"2009:Q3","Next40",18515025,23995654,8091557,1884130,1412083,7537173,1138825,3931885,5480629,4456113,928266,96250
"2009:Q3","Bottom50",530211,5453325,3024950,1090885,86887,497533,162582,590487,4923114,3447853,1380302,94959
"2009:Q4","Top1",16871094,17515402,2454634,534001,4796323,1317006,2837631,5575806,644308,417570,80606,146133
"2009:Q4","Next9",23405529,25852511,5952760,1026158,4044582,7242821,2230598,5355593,2446982,2163940,173826,109216
"2009:Q4","Next40",18854310,24299165,7971505,1894146,1418726,7649146,1107216,4258427,5444855,4423417,915275,106163
"2009:Q4","Bottom50",512616,5431257,2972097,1105715,87503,504231,159160,602550,4918641,3436207,1385310,97124
"2010:Q1","Top1",17218047,17869457,2512937,537038,5175900,1383247,2883484,5376851,651409,415861,77181,158368
"2010:Q1","Next9",24268039,26714033,5907909,1021342,4245834,7420648,2212377,5905923,2445994,2154991,179057,111947
"2010:Q1","Next40",18949775,24264658,7974935,1895262,1450968,7819796,1085762,4037934,5314883,4325782,861369,127733
"2010:Q1","Bottom50",387712,5302169,2863340,1097061,90888,512213,157270,581397,4914457,3414195,1375451,124811
"2010:Q2","Top1",16877356,17528424,2560045,501573,4631111,1358878,2937216,5539601,651068,412461,81663,156944
"2010:Q2","Next9",24178535,26653346,5877329,1058307,3968038,7432703,2331654,5985314,2474811,2175337,166704,132770
"2010:Q2","Next40",18928247,24121784,7942963,1898448,1352173,7795437,1177574,3955188,5193538,4205960,852226,135352
"2010:Q2","Bottom50",221771,5177405,2781614,1072479,79915,499180,171228,572990,4955634,3449316,1377860,128458
"2010:Q3","Top1",17854235,18498955,2482887,511562,5366582,1474219,3097622,5566084,644720,413055,80896,150769
"2010:Q3","Next9",24764263,27255788,5886651,1045767,4360014,7681162,2350485,5931710,2491524,2170207,175708,145610
"2010:Q3","Next40",19191433,24315540,7736662,1899745,1433602,8056503,1155388,4033640,5124107,4134085,853601,136421
"2010:Q3","Bottom50",349419,5312713,2906648,1063208,88549,516451,168643,569214,4963294,3447454,1393521,122320
"2010:Q4","Top1",18399079,19037404,2433435,548531,5906874,1525777,2879532,5743255,638324,409214,78864,150247
"2010:Q4","Next9",24622895,27122225,5852132,1019656,4658210,7922900,2168030,5501297,2499330,2129366,183245,186718
"2010:Q4","Next40",19504573,24742247,7601832,1895537,1540588,8310996,1042651,4350644,5237675,4156167,939638,141870
"2010:Q4","Bottom50",456250,5324463,2876841,1071717,97055,533454,150770,594626,4868213,3297229,1445064,125921
"2011:Q1","Top1",18861884,19487956,2485523,574122,6383023,1537394,2989137,5518756,626072,403899,73506,148668
"2011:Q1","Next9",25249579,27813678,5713249,1009135,4922893,8055643,2211258,5901501,2564099,2156662,189906,217532
"2011:Q1","Next40",19707076,24839624,7573682,1899902,1637872,8458658,1045386,4224124,5132548,4081142,908800,142606
"2011:Q1","Bottom50",279094,5155895,2675443,1085080,104473,544650,145717,600532,4876801,3295076,1456159,125567
"2011:Q2","Top1",19080056,19702559,2560648,591267,6323246,1514952,3018996,5693450,622503,400957,70979,150568
"2011:Q2","Next9",25394680,27935462,5667281,1010919,4918228,8126828,2257528,5954679,2540782,2140072,189590,211120
"2011:Q2","Next40",19863268,25047192,7598114,1907129,1662824,8533187,1065895,4280044,5183925,4134220,916413,133291
"2011:Q2","Bottom50",211262,5009254,2506990,1099735,103573,547832,144135,606990,4797992,3200442,1476155,121395
"2011:Q3","Top1",17866917,18506779,2484698,558061,5127743,1386370,2912445,6037462,639862,400716,78806,160340
"2011:Q3","Next9",25158182,27639087,5649030,1063854,4337096,8004484,2350683,6233942,2480905,2154707,171175,155024
"2011:Q3","Next40",19639478,24775794,7497796,1918258,1531432,8377952,1152825,4297531,5136316,4069346,947116,119854
"2011:Q3","Bottom50",267283,5099145,2620397,1090456,85102,528744,153160,621286,4831862,3198568,1505218,128077
"2011:Q4","Top1",18517837,19155060,2422505,591388,5497304,1405475,3065196,6173191,637223,399624,73276,164323
"2011:Q4","Next9",25226685,27691385,5653588,1042469,4554505,8190761,2391885,5858176,2464701,2139569,182556,142575
"2011:Q4","Next40",19979276,25180958,7343250,1916355,1615201,8551823,1134158,4620171,5201682,4118844,965229,117609
"2011:Q4","Bottom50",414997,5205371,2685855,1094486,90440,540680,145185,648725,4790374,3118128,1535331,136915
"2012:Q1","Top1",19376005,19994554,2447043,635931,6355964,1461339,3203359,5890920,618550,392261,63337,162951
"2012:Q1","Next9",26093830,28617189,5620832,1013200,5014036,8437703,2413428,6117989,2523359,2159378,197546,166435
"2012:Q1","Next40",20235640,25360544,7262800,1918392,1763038,8803971,1098312,4514031,5124904,4076685,931260,116960
"2012:Q1","Bottom50",377854,5157180,2599331,1111517,102962,559712,135431,648228,4779326,3088681,1553126,137519
"2012:Q2","Top1",19194216,19817480,2545566,630056,6071226,1403374,3208971,5958287,623264,391440,63125,168699
"2012:Q2","Next9",26291700,28788435,5621825,1034554,4896657,8454884,2490783,6289732,2496734,2160607,192656,143471
"2012:Q2","Next40",20344640,25455910,7423871,1921741,1757547,8805529,1136945,4410277,5111270,4052170,951772,107328
"2012:Q2","Bottom50",276037,5054461,2520633,1102743,98040,556480,136885,639680,4778424,3053978,1583127,141320
"2012:Q3","Top1",20059507,20682011,2566893,648804,6518942,1416057,3384015,6147300,622503,394077,61323,167103
"2012:Q3","Next9",26746501,29241448,5693291,1028741,5141490,8616817,2586193,6174917,2494947,2129482,200068,165397
"2012:Q3","Next40",20769277,25983569,7502599,1921887,1851056,8971477,1150719,4585831,5214292,4132349,973831,108112
"2012:Q3","Bottom50",427051,5145654,2590048,1101303,104308,567577,132775,649642,4718603,2958281,1615514,144807
"2012:Q4","Top1",20353788,20959022,2604360,654173,6544330,1395797,3431848,6328515,605234,386347,57310,161577
"2012:Q4","Next9",26963746,29534382,5744752,1041333,5171453,8691991,2675910,6208944,2570636,2179753,196545,194338
"2012:Q4","Next40",21201871,26308054,7577552,1927782,1888879,9061281,1184179,4668379,5106183,3989953,1005680,110550
"2012:Q4","Bottom50",386931,5198524,2619710,1104198,104010,572882,132670,665053,4811593,3006237,1653695,151661
"2013:Q1","Top1",21524946,22139522,2747652,692107,7510429,1452529,3591710,6145095,614576,396802,55304,162470
"2013:Q1","Next9",27962573,30429693,5841784,1017358,5653459,9019416,2725156,6172521,2467120,2055432,213821,197867
"2013:Q1","Next40",21586856,27018285,7830390,1927027,2049324,9374702,1157854,4678989,5431430,4346101,978358,106970
"2013:Q1","Bottom50",621629,5165810,2550912,1114462,118033,588906,123408,670089,4544182,2721243,1666656,156283
"2013:Q2","Top1",21637553,22246790,2842806,702330,7609363,1452580,3743333,5896379,609237,395017,50461,163759
"2013:Q2","Next9",28525505,30998107,5953988,1020013,5702016,9222215,2845953,6253922,2472602,2061123,217397,194082
"2013:Q2","Next40",21916970,27355294,8067175,1924768,2099826,9566989,1188338,4508198,5438323,4341927,995356,101040
"2013:Q2","Bottom50",645725,5199029,2591188,1108533,118960,595186,120722,664441,4553304,2688100,1697334,167870
"2013:Q3","Top1",22626954,23231070,2946451,717544,8096176,1505828,3935814,6029258,604116,393406,47975,162735
"2013:Q3","Next9",29002290,31519611,6045885,1017718,5923834,9507953,2969447,6054774,2517322,2092967,224072,200282
"2013:Q3","Next40",22792041,28207052,8337910,1924780,2199741,9881184,1206800,4656637,5415011,4296690,1023938,94383
"2013:Q3","Bottom50",660406,5279405,2638890,1108895,125659,613256,115548,677157,4619000,2713226,1734734,171040
"2013:Q4","Top1",23583183,24197429,3030434,742649,8651142,1620200,4217819,5935185,614247,404488,47272,162487
"2013:Q4","Next9",29472950,32002718,6157014,991636,6228238,9875031,2961529,5789271,2529768,2066988,240127,222653
"2013:Q4","Next40",23401030,28920348,8537003,1939608,2256509,10149033,1183263,4854933,5519319,4360590,1050285,108444
"2013:Q4","Bottom50",693548,5271730,2598429,1105680,132265,622509,112430,700417,4578182,2647678,1753241,177263
"2014:Q1","Top1",24242918,24873773,3102012,745597,9163842,1654845,4256629,5950848,630855,411102,51094,168659
"2014:Q1","Next9",30275232,32776143,6278387,990708,6503639,9990714,2923465,6089230,2500911,2055265,243303,202343
"2014:Q1","Next40",23608396,29147381,8681011,1953748,2311912,10207896,1184766,4808049,5538985,4389487,1041193,108306
"2014:Q1","Bottom50",713405,5237356,2563059,1094956,138363,623116,115215,702647,4523951,2588067,1761765,174119
"2014:Q2","Top1",25022129,25659043,3134703,759913,9751209,1702884,4394180,5916154,636914,417926,51814,167174
"2014:Q2","Next9",30777620,33340805,6432236,979711,6808129,10160154,2905588,6054988,2563186,2062705,251193,249287
"2014:Q2","Next40",23969662,29549810,8828364,1972452,2378662,10312491,1175991,4881849,5580147,4378205,1077585,124357
"2014:Q2","Bottom50",794067,5329409,2632429,1097287,145560,627431,115027,711675,4535342,2574854,1783950,176538
"2014:Q3","Top1",24973687,25626084,3198483,764945,9514697,1698450,4564064,5885444,652397,424312,58984,169101
"2014:Q3","Next9",31158346,33735276,6577914,981136,6707511,10219466,2953972,6295277,2576930,2067382,251580,257968
"2014:Q3","Next40",24011307,29667380,8994691,1993034,2342539,10304072,1212908,4820136,5656073,4404301,1122742,129030
"2014:Q3","Bottom50",808209,5340749,2645563,1100730,140424,622880,119515,711638,4532539,2548078,1810254,174207
"2014:Q4","Top1",25936195,26600892,3261752,783014,9894191,1725553,4804572,6131809,664697,431082,60556,173058
"2014:Q4","Next9",31526022,34084562,6687830,965876,6901738,10367351,2997786,6163980,2558540,2061651,259415,237474
"2014:Q4","Next40",24385642,30139326,9116129,2007593,2384988,10379398,1227498,5023720,5753684,4464876,1160098,128711
"2014:Q4","Bottom50",831606,5337336,2620435,1102843,144484,624350,120209,725016,4505730,2496825,1831824,177081
"2015:Q1","Top1",26577073,27258045,3333943,787571,10252112,1759466,4968041,6156912,680972,438790,64499,177683
"2015:Q1","Next9",32302892,34825920,6808086,966928,7083675,10471230,3046058,6449942,2523027,2039225,261702,222100
"2015:Q1","Next40",24647880,30446899,9277007,2025799,2425947,10456585,1263318,4998242,5799018,4532912,1136718,129388
"2015:Q1","Bottom50",909845,5340272,2603024,1104823,148293,627536,124273,732323,4430427,2415197,1833369,181860
"2015:Q2","Top1",26624665,27319384,3386464,795264,10304218,1766076,5076851,5990511,694719,445443,69476,179800
"2015:Q2","Next9",32640692,35177152,6970248,970223,7114677,10532455,3074735,6514815,2536461,2045792,261166,229503
"2015:Q2","Next40",24716722,30618436,9444649,2052485,2426961,10476791,1293237,4924313,5901714,4581993,1183985,135737
"2015:Q2","Bottom50",966814,5404028,2645400,1122105,147404,625954,128292,734874,4437214,2393317,1855778,188119
"2015:Q3","Top1",25866255,26592599,3439497,767077,9343195,1714467,5094130,6234233,726343,453738,82651,189955
"2015:Q3","Next9",32529886,35006718,7085941,1008009,6643512,10422917,3133268,6713070,2476831,2068387,247548,160896
"2015:Q3","Next40",24685691,30614120,9657316,2078394,2293717,10347172,1369989,4867533,5928430,4562352,1242455,123623
"2015:Q3","Bottom50",926212,5427226,2694803,1119153,131324,614648,139133,728165,4501014,2427872,1881409,191732
"2015:Q4","Top1",26729187,27459441,3507828,789095,9786204,1756260,5259923,6360131,730254,461306,77483,191464
"2015:Q4","Next9",32611241,35124856,7177071,989643,6868672,10593465,3119083,6376923,2513615,2093002,261634,158978
"2015:Q4","Next40",25290658,31170602,9849889,2096984,2343937,10456554,1345925,5077313,5879944,4564801,1182892,132252
"2015:Q4","Bottom50",920733,5453224,2682356,1130246,136020,620009,135778,748816,4532491,2460316,1868620,203555
"2016:Q1","Top1",27023192,27773609,3559560,800690,9987389,1785781,5252342,6387848,750417,469438,82150,198828
"2016:Q1","Next9",33298878,35768803,7293093,987869,6976870,10689235,3077610,6744127,2469925,2071797,263998,134130
"2016:Q1","Next40",25428191,31387050,9985280,2121651,2361149,10522215,1336299,5060456,5958859,4649443,1177503,131912
"2016:Q1","Bottom50",1002932,5469879,2670222,1147366,136982,622260,136447,756603,4466947,2386154,1875177,205616
"2016:Q2","Top1",27431288,28199254,3615664,818087,10318911,1819595,5369454,6257543,767966,477521,85952,204492
"2016:Q2","Next9",34028862,36492826,7512359,977667,7155966,10809935,3082201,6954698,2463964,2056009,267634,140321
"2016:Q2","Next40",25529880,31668597,10184634,2140420,2396727,10606436,1340667,4999713,6138718,4783963,1216824,137931
"2016:Q2","Bottom50",1116527,5527393,2710482,1159421,140009,623825,136952,756704,4410866,2315833,1894692,200341
"2016:Q3","Top1",28168427,28958619,3644336,823400,10679621,1867743,5557981,6385539,790192,487790,91391,211011
"2016:Q3","Next9",34526179,37040889,7645877,975769,7356707,10975196,3105341,6982000,2514711,2084969,273309,156433
"2016:Q3","Next40",25980117,32144085,10440874,2160626,2435326,10727307,1344487,5035464,6163967,4750936,1263389,149642
"2016:Q3","Bottom50",1125130,5623297,2797279,1162966,143340,626265,136480,756967,4498167,2386829,1921741,189597
"2016:Q4","Top1",28602344,29387784,3750269,835267,10843949,1860089,5607621,6490589,785440,487057,90977,207406
"2016:Q4","Next9",34354432,36891414,7711978,972298,7421312,11047138,3141390,6597298,2536983,2120758,279088,137136
"2016:Q4","Next40",26446823,32589516,10674058,2170097,2470910,10763491,1343473,5167487,6142693,4704177,1300662,137854
"2016:Q4","Bottom50",1068741,5669983,2810642,1177676,146656,631050,136278,767680,4601242,2451669,1950032,199540
"2017:Q1","Top1",29565820,30343926,3858246,865952,11599368,1918848,5698988,6402524,778106,484590,87403,206113
"2017:Q1","Next9",35210007,37797900,7805352,954499,7784351,11244120,3170652,6838927,2587893,2157643,290095,140156
"2017:Q1","Next40",27077107,33153077,10901834,2186293,2581349,10943241,1324236,5216124,6075970,4665622,1277240,133108
"2017:Q1","Bottom50",1065559,5738003,2806325,1212159,158418,646233,133518,781350,4672444,2509933,1960432,202079
"2017:Q2","Top1",30118613,30893795,3855381,874176,12024224,1960928,5863545,6315541,775182,484817,86838,203527
"2017:Q2","Next9",35731075,38370510,7972008,951627,7986856,11383754,3263954,6812310,2639434,2189205,295287,154942
"2017:Q2","Next40",27447604,33539229,11040080,2190198,2646023,11075652,1345473,5241804,6091625,4647923,1305446,138256
"2017:Q2","Bottom50",1198319,5964258,3007914,1216200,165146,657417,134863,782718,4765939,2569932,1983839,212168
"2017:Q3","Top1",30870194,31646773,3910806,889727,12506756,2004872,6010273,6324338,776579,484762,87327,204490
"2017:Q3","Next9",36285317,38971107,8102717,942936,8222032,11552435,3323782,6827204,2685789,2231442,302975,151373
"2017:Q3","Next40",27981981,34051051,11262854,2197914,2718867,11225014,1344898,5301504,6069070,4603646,1330397,135028
"2017:Q3","Bottom50",1218921,6096480,3108787,1228646,172936,667583,133525,785004,4877559,2655726,2010823,211011
"2017:Q4","Top1",32150012,32919263,3989103,917001,13306855,2050183,6249325,6406796,769250,484510,84497,200243
"2017:Q4","Next9",36876095,39660159,8181722,923998,8614091,11754585,3396455,6789308,2784064,2278340,315401,190323
"2017:Q4","Next40",28701842,34752786,11495332,2209687,2830018,11383678,1333631,5500439,6050944,4535562,1370953,144429
"2017:Q4","Bottom50",1177435,6187489,3139517,1251938,185266,677934,129760,803074,5010054,2754021,2042195,213837
"2018:Q1","Top1",32107205,32876402,3968101,918550,13247187,2053010,6240926,6448629,769196,481452,85599,202146
"2018:Q1","Next9",37400353,40231297,8289500,937608,8589199,11785981,3445381,7183628,2830944,2321666,313197,196081
"2018:Q1","Next40",28898139,34847125,11539981,2228719,2829340,11414806,1357996,5476283,5948986,4454899,1348545,145541
"2018:Q1","Bottom50",1270850,6365739,3282338,1274956,184552,680624,133770,809499,5094888,2830265,2047568,217056
"2018:Q2","Top1",32559759,33327770,3971870,936507,13452641,2080290,6431603,6454859,768011,481514,84026,202471
"2018:Q2","Next9",37922433,40793861,8459081,930943,8694911,11923796,3533594,7251536,2871428,2359321,319763,192344
"2018:Q2","Next40",29261676,35202762,11695315,2243497,2860093,11516904,1369137,5517817,5941086,4424483,1368300,148303
"2018:Q2","Bottom50",1374978,6569924,3457187,1298579,187492,687198,133699,805769,5194947,2902355,2067610,224982
"2018:Q3","Top1",33405600,34173716,4013310,976092,14130660,2107528,6533503,6412623,768116,481897,82264,203955
"2018:Q3","Next9",38631565,41559912,8585852,901218,9032483,12133297,3511800,7395261,2928347,2399049,335047,194250
"2018:Q3","Next40",29692008,35647279,11877828,2257623,2952525,11647629,1309268,5602406,5955270,4399800,1407641,147830
"2018:Q3","Bottom50",1392397,6695867,3546935,1331052,197782,693189,125777,801131,5303470,2978601,2102182,222687
"2018:Q4","Top1",31324093,32112682,4092716,906869,11937773,2011363,6320698,6843264,788589,483498,99191,205900
"2018:Q4","Next9",37595119,40495494,8637488,992753,7975807,11775575,3660518,7453353,2900375,2432813,300936,166626
"2018:Q4","Next40",29506060,35479234,12102555,2286360,2676172,11378831,1465669,5569648,5973174,4350794,1473860,148520
"2018:Q4","Bottom50",1268182,6685505,3549170,1333305,164585,680221,149116,809108,5417324,3053044,2124266,240014
"2019:Q1","Top1",33831250,34612790,4232782,981940,13787944,2117383,6626962,6865779,781540,482223,88654,210662
"2019:Q1","Next9",39208727,42129167,8825596,927835,8887592,12190793,3659636,7637715,2920440,2435584,329020,155836
"2019:Q1","Next40",30527479,36511960,12411647,2298967,2917872,11707602,1379166,5796705,5984480,4406169,1436662,141649
"2019:Q1","Bottom50",1359022,6749503,3514718,1382938,192270,698416,135169,825993,5390481,3026618,2134306,229557
"2019:Q2","Top1",34543351,35320642,4204296,1009439,14168157,2158139,6848450,6932162,777291,482870,86678,207743
"2019:Q2","Next9",39817859,42791788,8981636,912386,9085515,12376432,3730156,7705662,2973929,2463848,337908,172173
"2019:Q2","Next40",30851806,36880862,12468559,2314774,2973785,11859254,1378533,5885957,6029056,4418584,1460427,150045
"2019:Q2","Bottom50",1497910,6963644,3690772,1412646,198252,705249,132668,824057,5465735,3071361,2155885,238489
"2019:Q3","Top1",34850867,35637256,4179771,1015540,14225676,2166842,6985861,7063566,786389,485779,90574,210036
"2019:Q3","Next9",40153634,43182261,9037310,921112,9130444,12468415,3788902,7836079,3028628,2514093,340280,174254
"2019:Q3","Next40",31142644,37137340,12555205,2339127,2993510,11937252,1394703,5917542,5994696,4344946,1500740,149010
"2019:Q3","Bottom50",1528708,7139900,3839854,1441405,199973,706096,132832,819740,5611193,3189745,2185783,235664
"2019:Q4","Top1",36227829,37006500,4207869,1058864,15289320,2219614,7159767,7071065,778671,487569,83779,207323
"2019:Q4","Next9",41178440,44272410,9114416,882637,9661901,12773232,3744868,8095356,3093970,2545030,360804,188137
"2019:Q4","Next40",31778416,37774328,12696243,2347159,3141228,12164761,1317712,6107224,5995912,4314313,1524617,156983
"2019:Q4","Bottom50",1564406,7273433,3911407,1463838,217047,712977,120800,847364,5709027,3253187,2211691,244149
"2020:Q1","Top1",32547937,33328561,4268806,1061038,11328218,1974713,7221299,7474486,780624,490002,84185,206437
"2020:Q1","Next9",39160701,42288033,9205550,892003,7754546,12362577,3793172,8280185,3127332,2564442,361306,201584
"2020:Q1","Next40",31088628,37058593,12892999,2362629,2644475,11629857,1335189,6193443,5969965,4314377,1490804,164784
"2020:Q1","Bottom50",1497869,7253498,3948263,1479096,157703,679291,122745,866401,5755629,3290269,2210068,255292
